{
  "episode_rewards": [
    52091.39000000005,
    47069.549999999974,
    49623.009999999995,
    58386.329999999936,
    53916.55000000004,
    48529.64999999996,
    52237.36000000005,
    49040.07000000006,
    49368.76999999993,
    56252.08000000002,
    54419.77000000001,
    47815.03000000003,
    57828.02999999997,
    54275.22999999999,
    51494.689999999966,
    49643.84000000001,
    49996.169999999984,
    51162.67999999993,
    50753.53999999999,
    49676.37999999994,
    51473.84000000005,
    52318.42,
    53743.02999999992,
    43876.04000000002,
    54044.82000000005,
    54352.03000000002,
    48859.51999999997,
    48385.80999999998,
    49684.96999999992,
    46249.93000000003,
    51164.59000000003,
    54490.61999999997,
    48605.85000000002,
    49155.04000000003,
    51125.93999999999,
    49859.380000000005,
    54972.010000000024,
    48391.91000000001,
    50168.810000000005,
    52380.97999999999,
    51957.72000000002,
    52044.340000000084,
    55855.22000000008,
    58084.64000000003,
    47944.91999999997,
    53896.599999999926,
    49817.81999999999,
    56573.239999999976,
    54934.21000000005,
    47706.320000000014,
    61100.68000000004,
    -236.13000000001,
    55290.21000000005,
    48813.03999999996,
    51858.139999999985,
    48565.99999999997,
    47830.73999999994,
    50454.01000000001,
    57112.12999999988,
    49703.39000000001,
    52921.06999999995,
    52437.96000000005,
    48748.669999999984,
    54455.779999999926,
    52538.389999999985,
    61446.83999999999,
    54517.47000000007,
    50534.94999999998,
    52991.550000000025,
    48400.85000000007,
    56481.369999999915,
    6857.64000000001,
    54627.42999999997,
    53285.70000000002,
    51345.68999999995,
    47098.350000000006,
    53810.90999999997,
    48246.510000000024,
    47000.16999999998,
    51488.87000000005,
    58818.73000000002,
    51157.880000000056,
    50857.369999999995,
    53262.16999999992,
    50145.400000000016,
    50469.96999999999,
    56859.94999999996,
    53363.05000000002,
    67953.68000000002,
    69981.19000000003,
    53793.39999999996,
    54870.99999999995,
    53708.470000000016,
    62671.50000000007,
    59651.68,
    55169.310000000056,
    60492.769999999924,
    64791.41,
    65710.28000000003,
    57048.87
  ],
  "episode_losses": [
    2818.965752698314,
    2992.51134765625,
    2542.256217163086,
    2387.681654296875,
    2389.741089477539,
    2396.637108642578,
    2402.6693676757814,
    2385.376671875,
    4977.272798706054,
    4132.794556274414,
    4311.260160278321,
    3718.737273071289,
    3341.383593383789,
    3126.3327094726565,
    3505.7467282714842,
    3301.75978503418,
    3450.0334383544923,
    3364.184766845703,
    3056.863419067383,
    3178.3107767333986,
    3599.6201243896485,
    3110.9723072509764,
    2874.8249450683593,
    2830.6138244628905,
    2773.817290649414,
    2775.0931641845705,
    2786.456426635742,
    2715.931460083008,
    2591.9816270751953,
    2577.7257088623046,
    2469.3470290527343,
    3098.4053588867187,
    2825.419637939453,
    2796.8333768310545,
    2741.56912487793,
    2823.352167114258,
    2764.107404052734,
    2715.210024169922,
    2698.361827514648,
    2573.7187072753904,
    2634.8664646606444,
    2994.7745775146486,
    2864.3291737060545,
    2923.647810424805,
    2784.233493774414,
    2790.3274346923827,
    2766.5122873535156,
    2688.9931742553713,
    2612.8817853393552,
    2654.7513611450195,
    2656.615256347656,
    3019.8539427490236,
    41905.66042907715,
    41870.97784436035,
    80900.91480883789,
    2702.8833852539065,
    119846.91240490723,
    2692.1791721191407,
    2688.494880859375,
    80625.96554467773,
    2602.4584951782226,
    41653.93544592285,
    41540.041619262694,
    80567.37614904785,
    2577.380967163086,
    41369.4938326416,
    2535.249657470703,
    2469.0992265625,
    80225.19569921875,
    41297.7800057373,
    157751.41596374512,
    158095.51173754883,
    158065.52351086427,
    2426.696310180664,
    196741.31999005127,
    119032.28485327149,
    41234.66806463623,
    118650.47394207763,
    79921.84821264648,
    79756.86220935058,
    118861.4556652832,
    41266.570291748045,
    80109.77805090332,
    80143.25946453857,
    41170.00111328125,
    196433.3658026123,
    157480.4747317505,
    118499.39635864258,
    118619.3858939209,
    157606.07679406737,
    41014.13527532959,
    157486.74918548585,
    80040.2443920288,
    118795.99075933838,
    118560.14793841552,
    2307.5367197875976,
    118790.88612487793,
    118569.07151104737,
    41157.159475891116,
    118440.03028808594
  ],
  "ambulance_episodes": [],
  "ambulance_clearance_times": [],
  "config": {
    "beta": 10,
    "action_spec": {
      "J2": [
        "rrrGGG",
        "rrryyy",
        "GGGrrr",
        "yyyrrr"
      ],
      "J3": [
        "rrrGGG",
        "rrryyy",
        "GGGrrr",
        "yyyrrr"
      ]
    },
    "tl_constraint_min": 5,
    "tl_constraint_max": 60,
    "sim_step": 1.0,
    "algorithm": "DQN",
    "horizon": 1000,
    "ambulance_spawn_prob": 0.15,
    "ambulance_spawn_interval": 300,
    "ambulance_target_range": 2000,
    "ambulance_min_speed": 15.0,
    "ambulance_max_speed": 25.0,
    "preemption_distance": 200.0,
    "ambulance_penalty_weight": 100.0
  },
  "final_epsilon": 0.6057704364907278
}