{
  "sumo_config": "/Users/apple/Desktop/vanet/vanet_final_v3/sumo_simulation/simulation.sumocfg",
  "algorithm": "DQN",
  "framework": "stable-baselines3",
  "policy": "MlpPolicy",
  "total_timesteps": 200000,
  "learning_rate": 0.0001,
  "buffer_size": 50000,
  "learning_starts": 1000,
  "batch_size": 32,
  "gamma": 0.99,
  "target_update_interval": 1000,
  "epsilon_schedule": {
    "type": "linear",
    "epsilon_start": 1.0,
    "epsilon_final": 0.05,
    "exploration_fraction": 0.3,
    "exploration_timesteps": 60000,
    "description": "Linear decay from 1.0 to 0.05 over the first 30% of training (60,000 steps), then held constant."
  },
  "reward_coefficients": {
    "alpha_1_speed": {
      "value": 0.01,
      "description": "c * penalize_min_speed(8 km/h): +0.01 per vehicle above threshold"
    },
    "alpha_2_waiting": {
      "value": -0.5,
      "description": "c * penalize_max_wait(60 steps, penalty=-50): -0.5 per idled vehicle"
    },
    "alpha_3_emergency": {
      "fast_bonus": 200,
      "moderate_bonus": 100,
      "slow_penalty": -150,
      "wait_penalty": -100,
      "greenwave_bonus": 50,
      "description": "Emergency vehicle speed/wait bonuses and penalties"
    },
    "alpha_4_queue": {
      "severe_penalty": -20,
      "moderate_penalty": -5,
      "description": "Queue congestion penalty per lane (avg speed < 2 m/s or < 5 m/s)"
    },
    "base_scaling_c": 0.01,
    "emergency_weight_reduction": {
      "base_factor": 0.3,
      "queue_factor": 0.5,
      "description": "When emergency vehicles present: R = 0.3*R_base + R_emerg + 0.5*R_queue"
    }
  },
  "environment": {
    "beta": 20,
    "horizon": 1000,
    "tl_constraint_min": 5,
    "tl_constraint_max": 60,
    "sim_step": 1.0
  },
  "training_results": {
    "episodes_completed": 200,
    "episode_rewards": [
      65320.24568024278,
      73019.49980786443,
      145527.29599276185,
      175617.47993698716,
      273041.76969364285,
      274966.5861245692,
      299017.45963183045,
      275669.3340190947,
      209600.86883321404,
      211920.71878364682,
      142479.71909490228,
      314385.158660084,
      232705.6371717751,
      196036.15660354495,
      241250.70111235976,
      303489.20534202456,
      188629.46465918422,
      120136.08973661065,
      191797.79102912545,
      256625.90367010236,
      177327.53187552094,
      136305.33803763986,
      292421.0660530627,
      254880.35428252816,
      259755.31927329302,
      278270.75018671155,
      -61266.25200471282,
      99243.2846943438,
      96246.7637309134,
      243246.5906161368,
      124516.2892793715,
      320840.2192489207,
      138798.87801519036,
      144827.0082053244,
      241898.694257766,
      151196.6171233356,
      156763.90198603272,
      139602.2272296846,
      118113.65501251817,
      174949.0143236816,
      167374.84434631467,
      48117.54311195016,
      80323.40454259515,
      181362.38616290689,
      162038.66189971566,
      139285.22592237592,
      222092.61295369267,
      246566.24800232053,
      204857.2997687459,
      173910.38194933534,
      282843.9771505892,
      274143.27405920625,
      185197.42106762528,
      78265.83498004079,
      35747.15387991071,
      233245.27894678712,
      214799.9818148911,
      147580.09511855245,
      229019.75306120515,
      182829.95186057687,
      242192.29683366418,
      153223.6800343953,
      198985.7516554892,
      151237.52382698655,
      -162196.39415737987,
      197819.56000557542,
      249989.51275023818,
      285405.2863995135,
      157132.87916770577,
      182392.23274841905,
      204315.8769083321,
      291866.82410791516,
      277617.7348534167,
      327334.62875059247,
      303040.57908537984,
      292647.35680022836,
      309816.74455073476,
      299802.3111972362,
      268245.9053478539,
      272981.46591475606,
      324078.661356464,
      231565.79441288114,
      281239.15988484025,
      297750.35433104634,
      294500.07581079006,
      267901.4222037494,
      302318.5244973004,
      290905.60233584046,
      260806.78721687198,
      299535.6346823722,
      302678.92206302285,
      232604.86573830247,
      333806.73435637355,
      288647.7389341891,
      354883.22491160035,
      303631.7814539969,
      296611.6873048842,
      169086.62684467435,
      314746.95378652215,
      313657.03304854035,
      355712.63970413804,
      274747.9607910216,
      301910.9470221102,
      343720.0442122519,
      240956.21800366044,
      320393.7277934849,
      350571.27872768044,
      297919.8495544493,
      315247.3108982146,
      266709.23831763864,
      314146.5057696402,
      292113.9351653755,
      180667.84887439013,
      194892.29180052876,
      311263.8096355498,
      337972.6319665015,
      342717.9823040068,
      267372.41710558534,
      299818.07066223025,
      226330.7929481566,
      284076.9880720675,
      320101.8123125136,
      280258.7640860975,
      314660.20202317834,
      346208.41380909085,
      329803.7116544843,
      211414.6153101027,
      288501.1028623879,
      249114.1555288136,
      329411.81617966294,
      312428.82271680236,
      246880.91785606742,
      200098.96793344617,
      175568.27762773633,
      336920.1689631045,
      347370.1564692557,
      266246.02890887856,
      343530.30368581414,
      324602.0229372084,
      274364.58995214105,
      299338.1330167204,
      281911.79780855775,
      220850.50084772706,
      326077.19002979994,
      323425.27502045035,
      339660.64173075557,
      252690.66673365235,
      235160.34911695123,
      335133.23778286576,
      270126.1218318045,
      347310.6833945811,
      334091.07845011353,
      351081.74296846986,
      346933.61504116654,
      342050.3683773577,
      285019.6820527613,
      275494.5458914116,
      171828.64870610833,
      255002.54405227304,
      324280.2947258055,
      377545.6002268493,
      281907.161634922,
      222130.17358985543,
      318680.38572087884,
      272241.18609943986,
      300207.48311927915,
      345611.5146889463,
      298991.9629537277,
      242057.87664690614,
      207967.61824813485,
      347421.3886959851,
      342466.5056596473,
      298638.99711593986,
      334157.4277290404,
      318965.7728321552,
      371990.2328785956,
      284341.9897878468,
      317945.86074891686,
      369662.7650950849,
      350807.95693299174,
      357443.50761410594,
      192742.72477403283,
      246446.82390907407,
      370125.8561810553,
      340607.46005001664,
      267608.4202069342,
      370149.58487072587,
      330974.00247851014,
      344405.3337856829,
      296572.3529114425,
      348303.404807955,
      142238.09421330132,
      344004.26299777627,
      279489.6801673472,
      360038.4652058184,
      238228.82655718923,
      298500.65700760484,
      336802.26783028245,
      307692.6670437157,
      314112.3659773171
    ],
    "final_avg_reward_last10": 296941.06918083073,
    "best_episode_reward": 377545.6002268493,
    "worst_episode_reward": -162196.39415737987
  },
  "seed": 42,
  "device": "auto"
}