{"timestamp": 1763052485.318689, "metrics": {"activeVehicles": 31, "avgWait": 0.6774193548387096, "pdr": 95.71962875744563, "queueLength": 0, "throughput": 3609.5, "emergencyCount": 3}}